"clickiz.com Free to Recover Files from Mobile Phone Card ? Sony /Samsung/ iPhone/ Nokia Recovery, Unformat ... #iphone"
@iMattel hey what do u think of that portable phone charger you won thru Sony :)
@aryayush looks like Sony phone
I don't want to use this Sony phone. I don't want to use an Android phone. This is too much for me!!
If anyone found a black Sony phone on a 101 it's mine cos I'm a prick and left it on there
I am pissed off. My iPhone better not die on me. Time to use my dad's Sony phone.
This Sony phone is pretty tight #Z1s
Good night shitty sony phone hello shiny new iPhone
"In 2004 I had a Sony phone with flash. They're just like ""naw let's not do that this time, naw"""
Sony Xperia Z C6603 Black Factory Unlocked LTE BANDS 1/3/5/7/8/20 International version - Original Sony phone phoneworldonhand.com/sony-xperia-z-…
"In 2004 I had a Sony phone with flash. They're just like ""naw let's not do that this time, naw"""
Sony Xperia Z C6603 Black Factory Unlocked LTE BANDS 1/3/5/7/8/20 International version - Original Sony phone phoneworldonhand.com/sony-xperia-z-…
Guna cost me 150 quid too replace my phone screen on my sony phone yet too rebuild my iPhone which has been driven over only 80 #wankerz
Sony Xperia E1 Review | Mobile Phone - TrustedReviews: Phones ReviewSony Xperia E1 Review | Mobile PhoneTruste... bit.ly/1o44QGJ
"Sony Ericsson T28s ?????? ""@GreatScottnyc: The evolution of the Cell Phone pic.twitter.com/iafP8BzzLC"""
"Youre so kind @GuintoAlex !thanks for lending me your Sony phone. in one msg on viber,u give me what i need.i owe you big time.THANKS friend"
The Sony Xperia Ultra... Is it a phone? Is it a tablet? Hard to tell but it is pretty freaking fun to use. #phablet
1st July 1881 First international phone call 1903 First Tour De France 1979 Sony creates the Walkman 2014 @morris_oxford 's birthday! #ff
#Deal #kampanj 8 in 1 USB Charger Cable Adapter for iPhone 4S 5 5S SAMSUNG/LG/SONY Phone dlvr.it/6BVLwr via @BlueWaterMarket
a selfie from today.. what's wrong with a selfie-cam of my new Sony phone?! quality is really poor :( pic.twitter.com/e9qEQh7AvK
Ever cross :D @PutriDrahayu: Sony/Oppo/Windows Phone/ atau Iphone? -_-
"offer price for brand new smart phone sony xperia go @ 179 Description of Sony Ericsson Xperia go ST27i (4 GB,... fb.me/6T6BOommb"
@PunkyouMichael SONY XPERIA NA PHONE
Phone Comparisons: Amazon Fire Phone vs Sony Xperia Z2 | Androidheadlines.com androidheadlines.com/2014/06/phone-…
How To Remote Spy Call History On Phone Sony Xperia E1 via /r/KristiCulley ift.tt/V8ohFU #SurfacePro3
"Sony Xperia Z3 Compact Specs Leak Online: Before the end of this year, Japanese mobile phone maker Sony Mobile... bit.ly/1rWKwcU"
"Sony Xperia Z3 Compact Specs Leak Online: Before the end of this year, Japanese mobile phone maker Sony Mobile... bit.ly/1rWKwcU"
#TheBappOfAllApps does any one know an app to hide apps from menu without rooting the phone..i am usong sony xperia z
Sony Ericsson PlayStation Phone: ????? ???? ? ?????
"If my phone someday ever magically broken, I'll buy a Sony or a Xiaomi"
"I'm totally leaning towards another Sony phone, of course. It's only the mobile phone brand I've used since I started using phones. =))"
"Going to go in tomorrow and bate the girl round the head with this piece of fucking shit, that is my Sony phone! FUCK YOU!"
@BoozeBumps The Sony Ericsson phone?
"my sony phone, crashed twice from the bicycle while driving. fuji camera crash once, damaged lcd. sony vs fuji, wins sony."
@sonyxperia @SonyMobileNews I just want to know if every Sony phone is heating then why Sony is making third class phones
I've owned 5 versions of the Sony Walkman on this list (including the phone) - How bout you? theverge.com/2014/7/1/58610…
Nobody ever buy a Sony phone. Ever.
sony phone of unscathed. miracle.
Sony Xperia Z C6603 Black Factory Unlocked LTE BANDS 1/3/5/7/8/20 International version - Original Sony phone phoneworldonhand.com/sony-xperia-z-…
@SonyRSA Dont buy a Sony phone or tablet. No accessories and staff in Sony Vodaworld and call centre arrogant. @MTNza . Please take it back
@thatgirljen15 no lol. I had a shitty ass Sony phone. Now I have my Galaxy and happy af
@xTracey1x got a new phone now its a sony xperia lol still using same number lol its a bit complicated but getting used to it lol :)
wanted: Sony Phone Expert; for cracked screen repair-Xperia Z C6606 (Gardena) ift.tt/1xj7MEQ #LAsgigs #LosAngelesjobs #LosAngeles
Sony puts 4K video in your pocket with its Xperia Z2: thefusejoplin.com/2014/06/sony-x… Will you be buying a 4K capable phone this year or next?
@JoshuaBarrett2 i wanna join the sony phone club :(
@fullofwhoa Which kind of android phone? I've had my sony Xperia (ion) for 2-3 years no problems :o
@SoFreshImFamous @BestOfEmoji can't see them hahahaha shit Sony phone
"My phone contract runs out in 2 weeks i dunno what phone to get next :/ Sony, iPhone 5, LG, Nokia :S or one of the others"
Truely speaking i regret buying this phone Sony E1... It freezes all the time and im getting bored
@sonyxperia need all the new sony xperia phone and tablet ????????????
"Sony Xperia T2 Ultra Dual Mobile Phone – Rs. 22,200.00 dealtikka.com/?p=431343"
Got a new phone! BIGGER this time got the Sony Xperia Ultra! Love it!
"Unlocked Phones: Sony Ericsson W880i Unlocked Cell Phone with 2 MP Camera, 3G, MP3/Video... tinyurl.com/7dg9s67 #SonyEricssonMobile"
"After updating to the latest iOS my phone will not work on sony docking station, are #Apple really doing that?"
What does your phone say about you? Want Sony #Experia SP; Buy now! easybuymobiles.co.uk
SONY ERICSSON XPERIA PLAY SMART PHONE R800 R800X-VERIZON WIRELESS phoneworldonhand.com/sony-ericsson-…
SONY ERICSSON XPERIA PLAY SMART PHONE R800 R800X-VERIZON WIRELESS phoneworldonhand.com/sony-ericsson-…
Deals #49 ift.tt/1qXZzp5 #5: Sony Bluetooth Speaker for Smart Phone Srs-btv25 Black pic.twitter.com/F7m43DZbF4
Comparativa de vídeos: LG G3 vs. Sony Xperia Z2 - Top Digital Phone topdigitalphone.com/index.php/Thre…
Sony Xperia E C1504 Unlocked Android Phone--U.S. Warranty (White) phoneworldonhand.com/sony-xperia-e-…
"I'm totally leaning towards another Sony phone, of course. It's only the mobile phone brand I've used since I started using phones. =))"
@RshRsho it comes with the sony phone and a free band... Check it out the app is called lifelog
"Going to go in tomorrow and bate the girl round the head with this piece of fucking shit, that is my Sony phone! FUCK YOU!"
"my sony phone, crashed twice from the bicycle while driving. fuji camera crash once, damaged lcd. sony vs fuji, wins sony."
"If these leaked specs from the Sony Xperia Z3 Compact are true, it just might be my next phone ift.tt/1xoilXi pic.twitter.com/5Ow425vkcr"
Sony phone camera >
@sonyxperia @SonyMobileNews I just want to know if every Sony phone is heating then why Sony is making third class phones
Not needed to go in the apple store in a couple of years. Maybe I should avoid using my Sony phone while in there. ??
Nobody ever buy a Sony phone. Ever.
sony phone of unscathed. miracle.
Sony phone camera >
@sonyxperia @SonyMobileNews I just want to know if every Sony phone is heating then why Sony is making third class phones
I've owned 5 versions of the Sony Walkman on this list (including the phone) - How bout you? theverge.com/2014/7/1/58610…
Not needed to go in the apple store in a couple of years. Maybe I should avoid using my Sony phone while in there. ??
Nobody ever buy a Sony phone. Ever.
sony phone of unscathed. miracle.
"If this goes on,I won't buy sony phone anymore :|"
getting a sony phone hah fuck u apple
I got the new Sony phone #XperiaZ2
I'm tired of my iPhone 5. How much would I can I sell it for on eBay? I want to get that water proof sony phone
Compare that to the size of Sony Sound Forge 8. It's the size of a mid-80s brick cell phone. pic.twitter.com/IjNJ3Mkb0d
"#AndroidTips If these leaked specs from the Sony Xperia Z3 Compact are true, it just might be my next phone bit.ly/1of82zp"
"Just realised after all this time that my phone charger is the same as the DS4 cable, figures as much since they're both Sony products."
#Deal #kampanj 1x crystal pink Bow earphone cover for iphone samsung s3 s4 note sony phone gift dlvr.it/6BcJMP via @BlueWaterMarket
@thatgirljen15 no lol. I had a shitty ass Sony phone. Now I have my Galaxy and happy af
"Sony Ericsson S312 question: Slow Sony Ericsson S312. Hi :) bought SE s312 two weeks ago ,first week the phone was - bit.ly/1lX800Y"
@xTracey1x got a new phone now its a sony xperia lol still using same number lol its a bit complicated but getting used to it lol :)
wanted: Sony Phone Expert; for cracked screen repair-Xperia Z C6606 (Gardena) ift.tt/1xj7MEQ #LAsgigs #LosAngelesjobs #LosAngeles
Sony puts 4K video in your pocket with its Xperia Z2: thefusejoplin.com/2014/06/sony-x… Will you be buying a 4K capable phone this year or next?
@aliasmi2012 then and Sony phone between the available
Truely speaking i regret buying this phone Sony E1... It freezes all the time and im getting bored
@sonyxperia need all the new sony xperia phone and tablet ????????????
Had a near death experience using Nokia Lumia...now using a proper smart phone Sony Xperia Z 2 #excited
Budget Phone Sony Xperia J Unlocked great Condition for £85 #DeviceCity
@graphure I used my camera of smart phone by sony.
Sony Movies and Video Unlimited Apps Receive New Updates: Japanese mobile phone maker Sony has made available ... binged.it/1kh8omd
#Xperia Z2 The Sony Android phone tuned to deliver sound in full studio quality - http://youtube.com/watch?v=3CIZRA…
#Xperia Z2 The Sony Android phone tuned to deliver sound in full studio quality - http://youtube.com/watch?v=3CIZRA…
ift.tt/1rafOPU Sony Xperia E1 Phone Review TrustedReviews.com #tech
"Samsung got a water resistant phone, Sony been there for a while now."
"Just ordered the Xperia Z2. Heard a lot of good things, though never had a Sony phone so a bit suspicious."
Remember when we would take lots of selfies using your Sony Ericsson phone then we would infrared it to your desktop? HAHA @bernicedizon! ?
good thing about sony is that the phone itself is the one updating its own software.
@ShanenSucks :o I love my Sony phone!
"Fucking bullshit, drop phone, screen shatters, doesn't work. Last Sony phone I'll ever buy..."
#globalwarminginitiative Sony Xperia S: Ultrastylish Mobile phone globalwarminginitiative.com/posts/sony-xpe…
@Galaxygamerone I have never had a Sony or LG phone :O Really worth getting you think?
@xperiablog when does new sony phone release?
@drraj_karwa But i did not make the MISTAKE of buying a @sonyxperia phone again! #Xperia U was my last Sony phone.. :) @SonyXperiaIndia
Tour de France here's a snapshot of the weather in Yorkshire. Raining tonight. Taken with my Sony phone. No othe... ift.tt/1oLJTTf
#TMobile Sony Experia is worst phone ever
"My iPhone still perfectly fine with its own way. I dont want to change it for another phone. Not sony, samsung, etc."
Looking for the latest Pay Monthly phone? Sony #Experia SP; Daily offers! easybuymobiles.co.uk
Xperia Z1 Compact | Camera Phone - Sony Smartphones (Global UK English) sonymobile.com/global-en/prod…
@Safaricomltd Kindly send me internet settings on my phone 0725091060 sony ericsson xperia mini thanx
That time when Sony Ericsson Walkman's were the phone to have
@ShanenSucks I love my Sony. A Samsung is now the only phone I haven't had. I get to upgrade my phone next month and I'll get the new Sony.
super sony aucun respect pour mon phone ... x)
Bandied my phone so I'm back using a Sony Ericsson Cybershot...best phone I've ever owned. Love it like a son.
amzn.to/1vIAk7W #5: Wireless Bluetooth Headset Headphone Earphone for Sony PS3 PC Mobile Phone Wireless... pic.twitter.com/g6kxutFHdl
"majority of the phone calls I make are to the Sony Repair Centre, this is ridiculous"
The earphones that came with my phone are pretty good. I guess Sony has something to do with that. My mission now is to not break them
"Sony Ericsson W880i Unlocked Cell Phone with 2 MP Camera, 3G, MP3/Video Player, Memory... tinyurl.com/cpufadt #SonyEricssonMobile"
Sony D6653 Xperia Z3 about phone screenshot leaked with S801 processor weeder.org/rLH098a #tech #gadgets
Oh and @sonyxperiagb fixed my phone for free ( BUY A SONY ! ) #AppleSuck #SonyRule
"BB User ? Samsung User ? Iphone user ? HTC user ? Sony User ? Tak guna kalau pakai phone mahal mahal tapi sent ""Hi please call me back."
Sony Ericsson Walkman W580i -BLACK (Unlocked) Cellular Phone Free Shipping ift.tt/1jQJkmo #iphone
What does your phone say about you? Want Sony #Experia SP; Buy now! easybuymobiles.co.uk
Car Windscreen Smart Phone Holder For ipad4 iphone5 5S SONY GPS Brand New bit.ly/1sbQV3T bit.ly/16Mb3mS
SONY ERICSSON XPERIA PLAY SMART PHONE R800 R800X-VERIZON WIRELESS phoneworldonhand.com/sony-ericsson-…
@crimson_fyre72 Ooooo true. The phone I have now is crappy sony phone I got like 2011 though. Phones are complicated!
"@Tori_Alouder A Sony phone, not an iPhone but still :)"
@sony_india Xperia z1 compact. It's amazing phone I love this phone thanks Sony
sony racist. X boleh gune nfc tag sony kalau x gune phone sony. Lel
Phone sony dah habis battery and idk dekat mana phone tu
"Aduh phone sony pulak a takleh tekan huruh A,Q,Z"
Sharing a video from your shitty Sony Ericsson phone is nowhere near as easy as doing it on your laptop.
I should have bought a Sony mobile phone so I could get PSN for free instead of buying on Playstore
Flip phone sony aaa lawaa
"First tweet off my new phone. Sony Experia Z2, such a crazy phone! Loving it!"
New phone! Sony xperia z 2
Sony Miro Mobile Phone - Sim Free. - Sony Miro Mobile Phone – Sim Free. Product Description Mobile phone... tmblr.co/ZgYPJn1KefAGI
Sony Miro Mobile Phone - Sim Free. - Sony Miro Mobile Phone – Sim Free. Product Description Mobile phone... tmblr.co/Zq8OJn1KefBne
Sony Miro Mobile Phone - Sim Free. - Sony Miro Mobile Phone – Sim Free. Product Description Mobile phone... tmblr.co/ZfoOJn1KefC1D
Sony Miro Mobile Phone - Sim Free. - Sony Miro Mobile Phone – Sim Free. Product Description Mobile phone... tmblr.co/ZfQbao1Kef8yO
Last day I visted a phone's store for I want to sell out my mobile phone of sony xperia ultra.I got a price which is NT$4000.I felt so sad.
Looking for a new phone ????that Sony Experia Z2 looks buff with 20 mega pixel camera ????????????????
#Xperia™ T smartphone from Sony The Bond phone has arrived - http://youtube.com/watch?v=ywKmen…
sony xperia z1 phone | Social Bookmarking - Getting a new cell phone is what people need to do generally on a reg... ow.ly/2JC7Tp
sony xperia z1 phone | Social Bookmarking - Getting a new cell phone is what people need to do generally on a reg... ow.ly/2JC7Tt
"BB User ? Samsung User ? Iphone user ? HTC user ? Sony User ? Tak guna kalau pakai phone mahal mahal tapi sent ""Hi please call me back."
Fancy a new phone? We have a Sony Xperia freashly in stock for £229. Don't forget you can trade in your old phone to! pic.twitter.com/hIDQMWapZ4
@O2 yes I have. The fault is my Z2 won't play video from Facebook. Sony blame the app itself but it works fine on every other phone!l
"Sony Naite J105 Unlocked Cell Phone with 2MP Camera, Bluetooth, Media Player and FM Radio… goo.gl/fb/TGXJhw"
@azniera8_ hahah.. Tukar phone pakai sony lak xD
Sony Ericsson Xperia X10 Mini Pro An Exclusive Phone dlvr.it/6DlQxk
I'm getting my new phone tomorrow !! Finally! Byebye Sony Ericsson W995
"What does your phone say about you? Want Sony #Xperia Z; Competitive deals, easybuymobiles.co.uk"
LG G3 vs Sony Xperia Z2 review offers insight Phone Reviews shopblogs.co.uk/l/199916 #coupons #discounts
"BB User ? Samsung User ? Iphone user ? HTC user ? Sony User ? Tak guna kalau pakai phone mahal mahal tapi sent ""Hi please call me back"
And a sony phone is so hard to use pls???? But oh well better than nothing since my phone has no money lol
Do you have Sony phone? How would 20 Mega Pixels benefit you? ow.ly/yM7zp
"Photos of a never-seen-before, selfie-centric Sony phone with front flash leak out, will be announced tomorrow - phonearena.com/news/Photos-of…"
"Photos of a never-seen-before, selfie-centric Sony phone with front flash leak out, will be announced tomorrow... bit.ly/1n7iw6a"
Sony's 'selfie' focused phone launches tomorrow phon.es/813t #android
Sony’s “selfie phone” seemingly confirmed as leaks pour in ift.tt/1mALjkl pic.twitter.com/WE8HF2mSuB
This could be Sony's selfie phone - bit.ly/1mAKQ1K
"Photos of Xperia C3 “Selfie” phone from Sony, leaked ift.tt/1lNBz02"
"New post: Sony's upcoming selfie phone appears in new leak, packs front-facing LED flash bit.ly/1lNBYQh by @Zricon15"
Sony's 'selfie' focused phone launches tomorrow phon.es/813t
"Recommended: Photos of Xperia C3 “Selfie” phone from Sony, leaked: While some studies have already said that t... bit.ly/1rHblEE"
Blog post: Here are the first pics of Sony’s Xperia Selfie phone with front-flash bit.ly/1sm91jJ
"I am become death, destroyer of worlds ""@androidcentral: Sony's 'selfie' focused phone launches tomorrow phon.es/813t #android"""
"Photos of Xperia C3 “Selfie” phone from Sony, leaked: While some studies have already said th... bit.ly/1osTMD7 #xoopia #android"
"Sony's 'selfie' focused phone launches tomorrow, leaked photos reveal front LED flash good read #hustle411 feedly.com/e/UdbIzzGw"
"Photos of Xperia C3 “Selfie” phone from Sony, leaked - While some studies have already said that takin... ow.ly/2JHJ7j"
Images of the Sony Xperia Selfie phone with Front Camera Flash leaked: A few images of the So... 2ap.in/1osxVM8 via @androidpure
Blog post: Sony confirms new ‘Selfie’ Xperia phone coming tomorrow bit.ly/1tf1k34
"fuck sony i say as i use my sony headphones, my sony phone and my PS4"
Sony prepares to release a 'Selfie' phone tomorrow ausdro.id.au/2y1
@ryuuenh yeah! i recently discovered that since i just got a sony phone w
by cgozzie Price: $35.00 Sony Xperia E1 Mobile Phone High-detailed. Modeling in 3DS Max 2008 and rendered... fb.me/1etjp1LTe
Id almost swear that everyone who owned a sony phone has a broken screen :L
And for the first time in 8 years I no longer have a Sony phone #Bittersweet
I think ima ios 7 my sony phone .....
Sony SmartWatch 2 SW2 Genuine Bluetooth For Android Cell Phone Watch W/ Strap c69.co/64503809
Sony to unveil selfie-centered phone tomorrow - Xperia C3? goo.gl/vCndKI
Blackberry eng tlwaeditse masepa :-S now there's no BiS on this Sony phone
Shoot me > Sony Phone Specially Built For Super Selfies - read.bi/1qPLXMB
All my #HolidayBraggie photos are taken with the Sony Xperia phone. I love the 20 megapixel camera!
Sony selfie phone leaks - Sony have started teasing - goo.gl/meVk9n
Sony is rumored to release a phone specially built for super selfies read.bi/1lOYkkk
"Say Hello to Sony’s Selfie Phone, the Xperia C3 With Wide-Angle Lens and Front-Facing Flash ... pic.twitter.com/WHacNv0lmM"
New Sony Xperia phone on the way tomorrow twitter.com/sonyxperia/sta…
Sony Selfie Phone. 5mp front facing camera with flash. youtube.com/watch?v=YToio7…
Sony Is Rumored To Release A Phone Specially Built For Super Selfies: Sony will release a phone specifically ... bit.ly/1rJBDWB
Sony’s “selfie phone” seemingly confirmed as leaks pour in bit.ly/1n7WfoD
Sony’s made a Selfie phone. aol.it/1vV3Ebs
Sony’s made a Selfie phone. aol.it/1vV3Ebs
Sony’s selfie phone Xperia C3 with 5MP front camera and flash now official tech.firstpost.com/news-analysis/…
Things not to do on a night out. Lose a 500 quid Sony phone... Thank chuff for nexus backup!
"If you hate the word 'selfie' look away now, the Sony Xperia C3 is not the phone for you bit.ly/1oDtiQT pic.twitter.com/96yhLTx4pY"
"Sony Xperia C3 breaks cover, teased as the first selfie phone: Sony confirmed today on its Twitter account tha... bit.ly/1rHqpC5"
"Sony's 'selfie' focused phone launches tomorrow, leaked photos reveal front LED flash androidcentral.com/sonys-selfie-f…"
"Sony Xperia C3 breaks cover, teased as the first selfie phone: Sony confirmed today on its Twitter account tha... bit.ly/1rHqpC5"
"Sony Xperia C3 breaks cover, teased as the first selfie phone: Sony confirmed today on its Twitter account tha... bit.ly/1rHqpC5"
Morning team. How can I transfer my blackberry contacts to Sony phone.@BlackBerryKenya
"Sony Xperia C3 breaks cover, teased as the first selfie phone: Sony confirmed today on its Twitter account tha... bit.ly/1ot8hGZ"
Sony Is Rumored To Release A Phone Specially Built For Super Selfies: Sony will release a phone specifically ... bit.ly/1rJBClL
Sony Xperia C3 announced - Sony's best smart phone for the Selfie generation bit.ly/1qebawL
"A selfie's ""dream"" phone: Sony is rumored to release a phone specially built for super selfies flip.it/MhsWY"
"It's @joe_osborne back w/ today's tweets, served hot. First up, Sony to set loose a selfie phone, probably: bit.ly/1vSw4D4"
Sony’s Xperia Selfie phone leaks in pictures and video: Just a couple of hours after Sony te... bit.ly/1otjZS5 #GlobalGadgetNews
"Sony designs a new phone with one thing in mind- ""the selfie"" cnet.com/news/sony-xper…"
Sony mobile Xperia C3 - the first selfie phone from Sony with 5mpx in front camera + flash youtube.com/watch?v=YToio7…
Sony teases launch of “selfie phone” for tomorrow bit.ly/1snCf1C
Sony Xperia C3 ‘Selfie Phone’ Leaked Online ubergizmo.com/?p=201777
Sony to announce 'Selfie' phone on July 8th with front-facing LED flash | goo.gl/89BTze
Get a free World Cup football with the purchase of any Sony phone from O2. Find out more: bit.ly/Sony-WC pic.twitter.com/sHmCTkUZF6
Sony to join Windows Phone 8.1 party with Lue Z?: Evleaks has been tipped off with an image of a Sony phone ru... bit.ly/1ndcGA0
Sony to join Windows Phone 8.1 party with Lue Z?: Evleaks has been tipped off with an image of a Sony phone ru... bit.ly/1ndcGA0
Sony Mobile?Windows Phone?Sony Lue Z??????????????? dlvr.it/6GPTMb juggly
Sony Windows Phone?
The New Sony Ericsson Phone? pic.twitter.com/CXmX5M1MVm
Sony Mobile?Windows Phone?Sony Lue Z??????????????? ift.tt/1xQN1AK
Sony Mobile?Windows Phone?Sony Lue Z??????????????? dlvr.it/6GPSzS
Sony does #selfie phone. androidheadlines.com/2014/07/say-he…
Evleaks posts a clearly fake photo. Internet goes wild with 'Sony Windows Phone coming' articles. Evleaks pulls tweet. We all feel stupid.
"Say Hello to Sony’s Selfie Phone, the Xperia C3 With Wide-Angle Lens and Front-Facing Flash androidheadlines.com/2014/07/say-he…"
Sony Lue Z Windows Phone 8.1 Is A Fake ubergizmo.com/?p=201965
Sony to join Windows Phone 8.1 party with Lue Z? neow.in/1pYPNUk
Sony has announced its selfie phone clkon.us/1k3MvqZ
New Sony Xperia C3 phone features a 5-megapixel front-facing camera designed for high-quality selfies: ow.ly/yVwTO @jakeaxelrad
New Sony Xperia C3 phone features a 5-megapixel front-facing camera designed for high-quality selfies: ow.ly/yVx5x @jakeaxelrad
"Official: Sony introduces Xperia C3, the “selfie” phone dlvr.it/6G3kq6"
"Sony outs selfie phone Xperia C3! It comes with a 5MP front cam with ""soft"" LED flash!... fb.me/1dvXm2u9f"
Sony has announced its selfie phone neow.in/1nb605o
World’s ‘best selfie’ phone launched by Sony bit.ly/1stNype #UAE #Business
or you can bring both of the phone and just turn on the sony phone every hour?
"SAVE $250.99 - Sony Ericsson P990i Unlocked Cell Phone with 2 MP Camera, 3G, MP3/Video Player, Memory Stick Pro... c69.co/10579964"
"Sony Unveils a Pro-Selfie Phone, Meet The Xperia C3 igyaan.in/?p=79640"
Infographic: Sony Gives us History of the word ‘Selfie’ to Celebrate Launch of Xperia C3 Selfie Phone ... pic.twitter.com/DZtj7AImnC
"Sony Xperia C3 ""selfie phone"" now official. 5MP front-facing camera w/ soft LED flash.: su... tinyurl.com/ltgb5q6 #reddit #android"
Love taking selfies? Sony's latest Xperia C3 may be the right phone for you. gohwz.ws/1jcQnL8
"Sony Lue Z Menampakkan Diri, Inikah Ponsel Windows Phone 8.1 Pertama dari Sony? j.mp/1tmtmKd"
Sony to join Windows Phone 8.1 party with Lue Z?: Evleaks has been tipped off with an image of a Sony phone ru... bit.ly/1ndcGA0
Canada deals: NCIX - Sony Xperia Z1 Unlocked Smartphone Phone $500 bit.ly/1vYCWyN
Sony outs Xperia C3 selfie phone - 5MP front snapper with LED flash feedly.com/e/T2gh4yuM
Get a free World Cup football with the purchase of any Sony phone from O2. Find out more: bit.ly/Sony-WC pic.twitter.com/X25TEYpISq
"How do I screenshot on a Sony phone? ""You smash it on the floor and go get a REAL phone"""
@eXCheez the actual Sony phone compared to iPhone? Big difference. Feel so rewarded getting this with all the free stuff and cool functions
Smartphone Sony Lue Z Berbasis Windows Phone 8.1? okz.me/ARhq
SonyMobile??Windows Phone?Sony Lue Z??????? - feedproxy.google.com/~r/blogspot/ld…
Sony to join Windows Phone 8.1 party with Lue Z? [Update] clkon.us/1qURSA5
L? ?nh Lue Z ch?y Windows Phone d?u tiên t? Sony goo.gl/fb/mmWo8f
Smartphone Sony Lue Z Berbasis Windows Phone 8.1? bit.ly/1szgv30
Smartphone Sony Lue Z Berbasis Windows Phone 8.1? techno.okezone.com/read/2014/07/0… pic.twitter.com/GM1e8YqJ8w
"[Deal] Sony Xperia ZL smart phone with Quad Core processor, 5” Full HD screen and Bravia Engine @ibood... dlvr.it/6H7LjH #deal"
Sony ??????? ???????? Lue Z ?? Windows Phone 8.1 #sledui
Smartphone Sony Lue Z Berbasis Windows Phone 8.1? techno.okezone.com/read/2014/07/0… pic.twitter.com/GM1e8YqJ8w
Sony ??????? ???????? Lue Z ?? Windows Phone 8.1
"[Deal] Sony Xperia ZL smart phone with Quad Core processor, 5” Full HD screen and Bravia Engine @ibood... dlvr.it/6H7LjH #deal"
"Sony, µpa??e? st? «club» t?? Windows Phone µe t? Lue Z; techblog.gr/mobile/sony-lu… pic.twitter.com/5PLTshpDOh"
Sony Xperia C3 - The Ultimate Selfie Phone: youtube.com/watch?v=cKghm3…
"Sony Xperia ZL smart phone with Quad Core processor, 5” Full HD screen and Bravia Engine @ibood +£7.99 postage dlvr.it/6H7KYq"
"Id never advise anyone to get a Sony phone, since the day I've had mine its had so many problems!"
Anyone with a shit SONY phone know where the alarm app is?
"Sony Lue Z, Bakal Hadir Usung Windows Phone 8.1? dlvr.it/6Gx3bf"
Sony Xperia C3: ?? ??? «selfie phone» t?? ?ap?????? eta??e?a? goo.gl/fb/1bL6WH
The new Sony Xperia throws a flash and 5MP camera on the front of the phone weeder.org/rLH1dkb #apple #tech #photography
Sony Xperia Z C6603 Black Factory Unlocked LTE BANDS 1/3/5/7/8/20 International version - Original Sony phone phoneworldonhand.com/sony-xperia-z-…
"@CPWTweets really have thrown a curve ball, free PS4 with a phone. HTC One M8 or Sony Xperia Z with PS4 #dilemma"
In case you missed it: Sony Officially Outs Xperia C3: The selfie phone with a 5MP front cam bit.ly/1jdJXv3 #tech #gadgets
The new Sony Xperia throws a flash and 5MP camera on the front of the phone weeder.org/rLH1dkb #apple #tech #photography
#Deal #kampanj 1x crystal pink Bow earphone cover for iphone samsung s3 s4 note sony phone gift dlvr.it/6Ghf4m via @BlueWaterMarket
"SAVE $13.06 - Glass Mount Car Antenna for Cell Phone Reception - Nokia, LG, Motorola, Samsung, HTC, and Sony... c69.co/15798 #dea"
@JoshSundquist it works on my Sony phone :)
@iPraiseAriG there was so much product placement like the sony phone they deserve way better
"Thinking of having a Sony phone next... again, thoughts? Hate touchscreens and how big Sony phones are..."
@GeorgeSealy they are good. The newer stuff from Sony is much better. We have both in our house. My wife wants a Sony phone now...
"@barbabney @wearescientists I had a crappy old Sony phone and used that song as my ringtone. When I hear it now, I think a phone is ringing"
Retrieving contacts from Android phone (Sony Xperia Z) bit.ly/1oHRf8h #android
"Lumia 1525, Sony’s Selfie Phone, LG G3 vs Xperia Z2, and much more | Pocketnow Weekly 104 (Hangout) bit.ly/1sCsLzS"
"#TBT *round of applause* to all those who remembered our little blue & white phone was the Sony Ericsson Z610i, released in 2006!"
SonyMobile??Windows Phone?Sony Lue Z??????? feedproxy.google.com/~r/blogspot/ld…
"I liked a @YouTube video youtu.be/KyVMTZNF-sM?a Nokia Lumia 1525, Sony's Selfie Phone, LG G3 vs Xperia Z2, and much more | Pocketnow"
Sony Xperia C3 selfie-phone wp.me/pEYl6-C5N
This its time I get the new Sony gold stereo headset for my Sony phone.. Sony smart Watch too
Sony Xperia Z C6603 Black Factory Unlocked LTE BANDS 1/3/5/7/8/20 International version - Original Sony phone phoneworldonhand.com/sony-xperia-z-…
Sony Xperia C3 : The World's Best 'Selfie' Phone: Xperia C3 is the name of the newly launched 'selfie' focused... bit.ly/1jjjWKW
*Oh my new sony Phone is rinnig* cit. @AvrilLavigne ahahahah :)
In case you missed it: Sony Officially Outs Xperia C3: The selfie phone with a 5MP front cam bit.ly/1jdJXv3 #tech #gadgets
"Sony Lue Z photo leaks, could be the company's first Windows Phone handset feedly.com/e/uX5UybND"
everything wrong with the bo$$ video: 1 the arm wrestling 2 camila's hair 3 lauren's awkward side pony 4 them advertising for sony's phone
Sony SmartWatch 2 SW2 Genuine Bluetooth & NFC Android Cell Phone Watch W/ Strap for $99.99 goo.gl/fb/SQHjUc
@LemonicM MY DAD GAVE ME HIS SONY ERICSSON TOO AND WAS MY FIRST PHONE
@admillios nice phone brah. I went from a Sony Ericsson k750i to the G1... Never looked back.
"So then, new phone choices: Nexus 5, Xperia Z2, HTC One M8 or LG G3. I’m leaning towards the Sony, any reason why I shouldn’t?"
"?????? ????? @YouTube ??? youtu.be/KyVMTZNF-sM?a Nokia Lumia 1525, Sony's Selfie Phone, LG G3 vs Xperia Z2, and much"
"Lumia 1525, Sony’s Selfie Phone, LG G3 vs Xperia Z2, and much more | Pocketnow Weekly 10... ift.tt/1qNB5xo pic.twitter.com/6nsUspvAaf"
My phone is Sony Xperia so am I BO$$ now
Had to borrow a Sony Ericsson flip phone from my grandma and I've found myself playing this game. pic.twitter.com/gZiDUTTj9X
Sony de Windows Phone Dedi - guncelanadoluhaber.com/sony-de-window…
My PSN got hacked....going to get on the phone with Sony.
Nice! Selfie phone from sony xperia C3
Sony de Windows Phone Dedi - guncelanadoluhaber.com/sony-de-window…
"@ekalavyab @afrobawa loool hahahha, it'd recommend the z1 compact but I'm scared to touch another sony phone..."
"I love my Sony phone. I've been using it all day, and it's still on 54% battery. Virtually unheard of these days! #goodworksony"
@Leaf_cos NEW SONY PHONE! It goes in the water and still works
"Sony's next flagship phone allegedly shown off with new body, same camera aol.it/1q5rwMf"
"Sony's next flagship phone allegedly shown off with new body, same camera bit.ly/1oOD8xO"
My dad has a new Sony Xperia phone but he didn't brought it to work and so... I'm claiming it's temporarily mine hahahahaha
Driver’s relative from UAE got him a new Sony Android phone. My biggest challenge of life: Explaining him how to use it.
"Sony’s next flagship phone allegedly shown off with new body, same camera dlvr.it/6JM9Qc"
"Sony’s next flagship phone allegedly shown off with new body, same camera dlvr.it/6JM8pq"
"Sony’s next flagship phone allegedly shown off with new body, same camera: The jump from Sony’s Xperia Z1 to t... bit.ly/1noMjr1"
@Yashvir The Sony Z1 Compact. I'm properly enjoying this phone.
"yes @kturcotte1980 LG has a very lite and clean Android compared to Samsung, HTC and Sony. I won't even bother to root this phone."
@varunkrish bunch of smart phone cameras. Planning to get the Sony 4K camcorder but heard negatives issues around it.
"@Milf_Goddess well I did suggest the new Sony phone but you didn't look into that you had your mind set on the Samsung, I know not to push"
"@JapanNewbie yes. Use the sony entertainment website. Or playstation app on your phone, which just launches a browser"
Sony cell phone repair toronto| Sony repair toronto| Sony canada fb.me/32HEwRl4y
Sony decided my phone was fucked and sent a new one back. Thought I'd celebrate by finally getting twitter. Don't expect much from me though
Can't see my phone on the Sony repair tracking website and I'm ready to shoot somebody
"#harsh Sony's next flagship phone allegedly shown off with new body, same camera: The jum... bit.ly/1wexc3W #startups #internet"
"Sony’s “Selfie” Phone, The Sony Xperia C3 Announced weeder.org/rLH1d8X #entertainment #gaming #tech #gadgets"
The biggest selling point for the new Sony phone is that it has a 5MP wide angle selfie cam.
@naniise_taiki here I am trying not to send emojis when tweeting you & your Sony phone LOL!
"@vodkaholic I usually stay away from Sony. Only my Walkman was a sony. Oh, and a Sony Erickson phone which come cab guy in town has. :/"
I miss my phone. I want my sony back. :(
Sony Xperia U Unlocked Phone 3.5-Inch Touchscreen-U.S. Warranty (Black/ White): Get it for... ntbt.es/6Jrqp1 #coupons #deals
Unlocked Sony Xperia Z1 Compact 4G Android Phone for $350 + free shipping - dn.ws/nkk7
"Damn, my phone is not working well again. :| Am using the Sony phone."
The biggest selling point for the new Sony phone is that it has a 5MP wide angle selfie cam.
@MaurilioVitto @Lenamalmstrom Well the pic proofs it:) Some day I might be able to get the pic in the right direction (in the Sony phone).
Sony Xperia Z C6603 Black Factory Unlocked LTE BANDS 1/3/5/7/8/20 International version - Original Sony phone phoneworldonhand.com/sony-xperia-z-…
In case you missed it: Sony Officially Outs Xperia C3: The selfie phone with a 5MP front cam bit.ly/1jdJXv3 #tech #gadgets
"Crap! My Sony Z2 charger flap cover snapped as I put the phone into my pocket. Even worse, I lost it as well. @SonyUK help please! ??????"
BID New Sony Xperia miro ST23i GSM Unlocked 5MP Android OS 4GB WIFI Phone WHITE: $67.00 (29 Bids)End Date: S... bit.ly/1oPuXBp
@plastictrxmp i have a sony phone i see squares:((
@kieraxoxo_ nope some sony phone lol i got emojis doe.????
@diannealexiss --Then I call my Dad and say that I'll accept his iPhone 4s since it'll take me a long time to buy a new Sony phone.
"@Whi_Phi_ @MissSoulBird both have its moments, i might try Sony thou.. for those moments i might drop my phone in the ocean lol"
@RajivMakhni Which is the best phone sony xpreria Z1 or samsung galaxy S5 ?
my mom has a new cell phone ?? Sony Xperia Z2... I'm damn jealous of her! The phone is great
@Flipkart Which is the best phone sony xpreria Z1 or samsung galaxy S5 ?
In my home taken by my phone sony exberia z1 instagram.com/p/qVm-WuKOle/
World's Slimmest Smart Phone Sony Xperia T3 fb.me/6K183WMlg
What phone Sony xperia 2 or Samsung galaxy s5 getting one today help me out
Got Sony Xperia Z2 amazing phone
I Phone 5S or Sony Z2 ? — I phone ask.fm/a/b0ol65o1
@SonyUK possibly a Sony tablet or phone in the future perhaps? The P1CK1RNG? Or is that name taken already? lol
So true! I miss my old Sony Ericsson Star Trek flip phone! “@conradhackett: Your old cellphone vs your new cellphone pic.twitter.com/irT5ECWSPx”
SONY Z2 JFC IS THAT PHONE OR CAMERA DIGITAL OMG I WANT
@Rosmiester it was probably just some don playing beats of his Sony Walkman phone in a park somewhere
Sony Xperia TX (James Bond Phone) Review - by Gazelle.com youtu.be/LM-BOmUhox0
Get a free World Cup football with the purchase of any Sony phone from O2. Find out more: bit.ly/Sony-WC pic.twitter.com/wJMwqL9Kbu
"New Phone Release: Sony Xperia Z3: The Sony Xperia Z3 is expected to have 1080p display, Qualcomm Snapdragon 8... tinyurl.com/pz9mmaw"
"AFFAIRS Phone Sleeve Brogue made for iPhone5 & Samsung S3/S4, but also fit others phone type like Sony Xperia ZR. pic.twitter.com/rsMUkbSurd"
The Sony Cyber-shot QX10 For Your Phone #Technology #Promotional #Photography #Reviews tinyurl.com/mvwudoz
Sony Ericsson W8 Walkman phone question: How Unclock Pettern - bit.ly/1jp8uNP
"sony , HTC, or asus phone?"
Had enough of this Sony phone freezing:L
and were they promoting a sony phone because lol
@shalvika u use Sony phone kya..?
Sony Xperia Z C6603 Black Factory Unlocked LTE BANDS 1/3/5/7/8/20 International version - Original Sony phone phoneworldonhand.com/sony-xperia-z-…
Sony Xperia Z C6603 Black Factory Unlocked LTE BANDS 1/3/5/7/8/20 International version - Original Sony phone phoneworldonhand.com/sony-xperia-z-…
In case you missed it: Sony Officially Outs Xperia C3: The selfie phone with a 5MP front cam bit.ly/1jdJXv3 #tech #gadgets
"Pulled apart my Sony Xperia ST 27i y'day. A difficult phone to teardown, but that explains why it is so rugged."
Finally new phone has arrived. Next-gen #android > Sony Xperia Z2. Really impressed with the build quality.
Sony having such a short release cycle for their flagship phone.. If these leaks are true.. the Xperia Z3 specs seems q boring #android
@Real_Wayniac I had a rooted sony phone. It became fast after I rooted it.
"@ScottRhodie @BundyB @Cacotopos I've had the sony smart watch 2, as well as the pebble. It's excellent for not having to fish your phone out"
"@Misskellieblair Phew! Relief it still works. You could try a waterproof phone next time, babe, e.g. Samsung Galaxy S5 or Sony Xperia Z2 xxx"
"@BenedictEvans @Fullantho @JacquesPeretti Have you ever seen a Sony phone? Easy to open the case of a Z-series, M-series, J-series. Why lie?"
qoo10.sg/su/807030 [Item looks practical.] I couldn't pair the set with my Sony/Ericsson phone. Tried it with China phone
Galaxy S+ Sony Head phone + Song :Ohh Baby girl <3 :-* + Equliser:Virtual 7.1 Ch = Way 2 Heaven B-) <3 :-* fb.me/3e6bM0Qs9
OFFER: Sony Ericsson T68i phone (Mumbles) go.frgl.it/nRFQg
"Sony launches selfie phone, first time front camera with flash - wp.me/p4rx13-3QL"
"@sonyxperia Hello Sony, this is my first tweet from my brand new Xperia Z2. It's a great smart phone. Thanks Sony."
Japanese mobile phone maker Sony Mobile is currently delivering a new software update for its Xperia E and Xpe... bit.ly/1wl3Vom
"Sony launches THEIR #Selfie phone, Xperia C3 ift.tt/1oyCJOS"
"Conan Edogawa's Old Cellphone. #SonyEricssonc Conan's current phone ""Sony Ericsson Xperia CES 2011"" (Same with... fb.me/6EgV8Q8ki"
@impalatomydean my phone? Sony Xperia Z. But why?
The Sony Xperia C3: A Phone made for Taking a Selfie: The Sony Xperia C3: A Phone made for Taking a Selfie ... bit.ly/1sdpREd
Xperia™ Z2 | Android Phone - Sony Smartphones (Global UK English) sonymobile.com/global-en/prod…
"Got a new Sony phone, I like it so far, need to transfer all my contacts over, plus all my photos. Need a back up urgently. Mac is dead"
Verdict is still out on the sony phone. I like it but Im very used to the apple style. 20mp camera though bitches.
I TOTALLY JUST WON THE SONY PHONE THAT @FifthHarmony USED IM THE BO$$ VIDEO I CANT EVEN BREATHE RIGHT NOW
why am I trying to win a sony phone when I have an iphone
"Android on Lumia, Sony's selfie phone, and the launch of the Xperia Z2 tablet on Verizon: we... bit.ly/1wme2JF #GlobalGadgetNews"
"New Phone Release: Sony Xperia Z3: The Sony Xperia Z3 is expected to have 1080p display, Qualcomm Snapdragon 8... tinyurl.com/pz9mmaw"
@TELUSsupport how's the Sony Xperia Z1? I have an iPhone 4 but am super impressed with how this sony phone looks!! Waterproof whaaat? ??
Sony Xperia C3 Full Phone Specification wp.me/p2OZqp-C8
Sony Xperia C3 Full Phone Specification wp.me/p2OZqp-C8 fb.me/2H8RXrNMR
Because The Whack Ass Sony phone really wasn't water proof! This is such a great phone! Back to SAMSUNG instagram.com/p/qcwv0HGtAX/
Sony Xperia C3 Dual Full Phone Specification wp.me/p2OZqp-Cc fb.me/3gKe9zF8d
Because The Whack Ass Sony phone really wasn't water proof! This is such a great phone! Back to SAMSUNG instagram.com/p/qcwv0HGtAX/
I am thinking about buying a backup phone... Trying to decided between the Sony Xperia and the Nexus 5
glass thing stuff that I broke this year -sony phone -my watch -2 bottle of deo -nokia phone -my bracelet watch -my glasses -a water glass
i dont want a sony phone i gotta stay tru to my iphone
Will will I not be lazy to get the lock button of my Sony phone fixed.
"Everyone has a sony phone, i also want one"
My phone is fucked. I'm playing mp3 tracks and it's skipping like I'm running with a Sony Walkman cd player
Sony Xperia Z C6603 Black Factory Unlocked LTE BANDS 1/3/5/7/8/20 International version - Original Sony phone phoneworldonhand.com/sony-xperia-z-…
Sony Xperia Z C6603 Black Factory Unlocked LTE BANDS 1/3/5/7/8/20 International version - Original Sony phone bit.ly/1iHstlP
"I miss my Sony ericsson phone :""( Want it back~"
I want a Sony Xperia phone.
The Latest Sony Smart Phone konga.com/catalogsearch/…
Sony showcases phone with ultra-HD video recording
"I posted 4 photos on Facebook in the album "":D My NeW phone Sony Xperia Sp ^-^"" fb.me/35xfNPQF8"
Can't decide if I want to go with a Sony Xperia phone or a WP8 this Christmas. What do you think?
"@ hljonnalagadda GREAT scoop. Sony's next phone could turn the in the USA, if carriers are smart : m.androidcentral.com/new-set-leaked…"
Enjoying my first Sony phone Xperia Z1s. Camera is pretty sweet. Not as good as S5 now.
Mobile Phones : Buy Online Sony Xperia C (Black) Mobile Phone With 22% Discount Offer bit.ly/1sZviUP
"SAVE $250.00 - Sony Ericsson Z610i Unlocked Cell Phone with 2 MP Camera, 3G, MP3/Video Player, Memory Stick... c69.co/23739838 #ad"
Sony phone cameras are fucking great until you try the camera facing you.
Kiiiiinda want to switch to Sony phone :x
"if my sony phone decided it suddenly wanted to work again, i would chuck this iPhone out the window with no hesitation."
meanwhile im stuck with my horrid mid range sony phone from early 2012
Why is there no cheap waterproof SONY phone....
"Fancy a sleek, shiny new phone? We're got a Sony Xperia Z2 to give away. bit.ly/1skbWMP #O2PriorityMoments"
Sony Xperia Z C6603 Black Factory Unlocked LTE BANDS 1/3/5/7/8/20 International version - Original Sony phone phoneworldonhand.com/sony-xperia-z-…
"@KeiRacion Sony phone ko beh. HAHAHA. Anw, my heart? Naaaah. I haven't cry yet since we were still living there. ;)"
My new phone Sony Xperia SP is coming to me in very little time.
I'm no longer a Windows phone user!!! Got the Sony Xperia phone and so far I'm loving it! #gadgets
@ammarvajihi Sony which phone?
In primary school I used to have swag with a Sony Ericsson phone.
Finally got a new phone. Bye bye sony ericsson. Dm me or text me your numbers I lost them all!
Sony my phone!!!!!!!
Anybody missing a Sony Xperia phone?
Would never buy a Sony xperia phone again after there lame non existant updates.
Sony Showcases Phone With Ultra-HD Video Recording
back to oldskool with sony erricsson phone :D
"Sony Lue Z, le premier Windows Phone de Sony ? is.gd/ChB0uY"
"Tbh, I've always liked filmmaking and editing .. I've been doing that since I was a kid with those old Sony Ericsson phone's movie maker"
Has anyone had any experience with the Sony Z2 phone? What does anyone think of it?
I would pay literally nothing to see Papa Roach cast Pokemon while playing his new album from a Sony Ericsson phone through his mic.
"But Microsoft struggling in almost all of its major markets (Cell phone, computers, Bing) while Sony just struggling in home entertainment"
Think I'm gonna get the waterproof Sony phone or the S5 ??
@ladybenko I meant to ask: how do you like the Sony Z1 Compact? Old phone is too bulky and I found someone to buy it… thinking I’ll get one.
Never getting a Sony phone ever again.
"Texting is just a 20 minute phone conversation dragged out alllllll day. I sony have time, I just wanna hear your voice and get it over with"
Love my new Sony phone. Don't know why I ever got an iPhone in the first place #happydays
when u buy the new sony phone thats coming out there will be live lta videos on it... when did this happen
@BENRA02 Ohhh I didn't like my Sony phone:/ this because you didn't pay your contract off?
"yea! i get my Sony phone back an then upgrade to the new #Galaxy-note. back to feeling important ""Suppa Asian time!"""
@6000 @darrynvdwalt still have to try that Sony xperia and an HTC phone. Heard those are cool
"yea! i get my Sony phone back an then upgrade to the new #Galaxy-note. back to feeling important ""Suppa Asian time!"""
Sony Xperia Z C6603 Black Factory Unlocked LTE BANDS 1/3/5/7/8/20 International version - Original Sony phone phoneworldonhand.com/sony-xperia-z-…
In case you missed it: Sony Officially Outs Xperia C3: The selfie phone with a 5MP front cam bit.ly/1jdJXv3 #tech #gadgets
In case you missed it: Sony Officially Outs Xperia C3: The selfie phone with a 5MP front cam bit.ly/1jdJXv3 #tech #gadgets
@Shawn_Lights I was thinking about upgrading to the Sony Xperia z2. You heard anything bad about the phone? I seen some reviews seems good
"Gonna reverse engineer this Sony camera wifi transfer protocol so I can do cooler stuff with the pix from my phone (store to s3, etc)"
"Review: Sony Xperia Z1 Compact vs Google Nexus 5 – Phone overlook, Battery ... - StreetWise Tech: StreetWise T... bit.ly/1nLA3kF"
"Sony “@ManeyoAgain: Then get a waterproof phone n go shower with it ""@Belo007: Ladies stop going through our phones while we in the shower ??"
My father brought new phone sony xperia m dual Sony Xperia M Dual Black Sony Xperia M Dual Black Sony Xperia M... fb.me/3Ba0huSK9
My father brought new phone sony xperia m dual Sony Xperia M Dual Black Sony Xperia M Dual Black Sony Xperia M... fb.me/3Ba0huSK9
hi guys we found some stuff: 1 Sony smart phone backside full with Stickers 1 Samsung normal phone in black 1... fb.me/6Ib8Cweig
Android Phone Sony Xperia Murah meriah..Promo...!! Sony Xperia E1 Dual Sim Card please visit :... fb.me/6B0FqG05G
@MTNzaService is there any warranty on a Sony Z1 screen if phone is on contract?
I am happy got new phone Sony xperia m2
I think 'same time camera' started being said after the Sony Cybershot phone came out... ake sure
Sony's selfie phone gets certified in China - phonearena.com/news/Sonys-sel…
Used Sony xperia mobile for sale - Delhi: I want to sell my Sony xperia mobile phone. Date of p... bit.ly/1jCy4it #mobile #phone
#Excelvan F27 FM Transmitter Car Charger For Smart Phone Sony Samsung and Mp3 Mp4 - $10.99.. wurl.us/wcP0
@emcarstears I have a sony phone what phone do you have?
"@TimHaines need the Sony app on phone, but otherwise yes. Sony rx100 iii"
>>> not having a sony phone are you even
My iPads dead and my chargers broken so have to use my Sony phone until I get back and I might actually cry
@SonyDADCIndia #EverythingIsAwsomeWhen I use my Sony phone
hope i can win the sony phone and join the world with the top technoligy and no more strugeling
Sony Xperia Z C6603 Black Factory Unlocked LTE BANDS 1/3/5/7/8/20 International version - Original Sony phone phoneworldonhand.com/sony-xperia-z-…
In case you missed it: Sony Officially Outs Xperia C3: The selfie phone with a 5MP front cam bit.ly/1jdJXv3 #tech #gadgets
In case you missed it: Sony Officially Outs Xperia C3: The selfie phone with a 5MP front cam bit.ly/1jdJXv3 #tech #gadgets
"@PinballArcade & @SonySupportUSA First Sony tries to fob me off to FarSight, then Sony phone support tomorrow, then d/cs w/out solving.."
"Cancelling a pre-order on PSN is proving impossible in a browser, on my phone and on the PS4. Woeful stuff Sony"
The new Sony Xperia throws a flash and 5MP camera on the front of the phone weeder.org/rLH1dkb #apple #tech #photography
"@MiIndiaOfficial Installed MiLauncher on Sony phone to try India theme. It is nice, but how to set language to English ?"
"@TimHaines nope, snap from my new Sony camera that I xfer'd to phone w/ wifi and then tweeted. Neat feature :)"
"Any recs for decent #headphones (to fit phone jack)? Looking for quality sound, comfortable, but affordable. Sony? Beats? Sennheiser?"
I am guilty for stealing a Sony Ericsson walkman phone back in 2009.
@meganmclauchlan get a proper phone like a Sony Xperia Z2
Xperia™ Z2 | Android Phone - Sony Smartphones (Global UK English) sonymobile.com/global-en/prod…
So sony is making a phone made specifically for selfies.. What the hell..
I've decided that my next phone will be Sony.
Looks like I'm going to need a new phone.....fucking sony.
mobile-musik.ru/movie/obzori/s… Sony Ericsson Satio U1 Phone Lock Code Reset
Check out this great item: Vintage Sony Primeco cell Phone Brick w/ leather case & charger froo.co/6sffhO800s
Chinese authorities certify Sony XPERIA C3 ‘selfie phone’ wp.me/p4lQd0-1uZ
@CaliCoyote now all we need to do is come up with an amazingly comfortable phone. (working on Sony headphone / phone campatibilities)
low prices mobile phone: I want to sale my Sony xperia j bit.ly/1le3neU #mobile #phone
"laughing so hard cause my xiaomi phone is bigger, thinner and lighter than my sony phone, i don't get this logic"
"lost me sony phone months ago no insurance now i av this little snide phone, fucking look like a drug dealer when sum1 rings me."
"@vikaspgoel my first phone in India (in 2000) was this: Sony Z5, smallest phone, flip it open and the screen was huge pic.twitter.com/9fjkdaMoDw"
My boy also had a Sony phone which broke in less than 6 months.
Ok like my uncle got a new sony phone and the selfie camera I cry
"Love how I have a Sony phone, works great with my ps4."
Ayyyy that Sony phone is fully waterproof ????
My parents are in the Maldives and my mum took this insanely amazing photo on her Sony Xperia phone pic.twitter.com/RvSI1KT31g
"@AskPlayStation Hi,can you please inform me if Sony Playstation Support Phone is free or not?"
spe nmpk phone sony xperia neo L warna putih tp pki cover getah.. tlg bgtau aku.. aku nk sepak muka sial nii..
"Sony Ericsson W100i Phone 2MP Camera, FM Radio, Twitter, Facebook, (Unlocked), Spring Green tinyurl.com/d925q78 #SonyEricsson"
@virginmedia I have a sony z2 with gap between the glass and phone..common issue that sony are aware of but you won't help me!
@naim_rawk 0172836003. awal lgi nk shopping. no. kau ada kt phone sony le
Anybody know how much it is to get a Sony Experia phone unlocked?
That phone is a monster!! Sony Xperia Z Ultra next to a Note 3 I want that monster phone lol @Jerseyboi_9 pic.twitter.com/JpJ6sbt58R
Sony's selfie phone gets certified in China phonearena.com/news/Sonys-sel…
My cel phone sony Z...xperia ... — feeling awesome
Sony Xperia Z2 Receives Better Voice Call Quality in Latest Software Update: Japanese mobile phone maker Sony ... bit.ly/1szR7Nz
Xperia Z2 -- The Sony Android phone engineered for the best sound buff.ly/1wF57Dc
"Just got a new phone, Sony Xperia M2, it's sweet ;)"
I love when people Sony answer their phone. What's the point of having it?
"Mom, it's time for me to buy a new phone?? my Sony is dying????"
Our baby boy got his new Z2 phone! ?? @ Sony Xperia North Edsa Annex instagram.com/p/qoevvxhWzG/
@sonyxperia I m planing to buy a sony xperia phone so is xperia sp is a good choice im from India ??
"Need a phone too""@_Queen_Dimples: Can I Just Fall... And End Up With A New Phone. Preferably Sony."""
"#news Sony Xperia C3 Receives Certification in China: Last week, Japanese mobile phone maker Sony M... bit.ly/1plGM2u #softpedia"
"My new phone.Sony Xperia Z1 compact. Same specs as the original (unlike most ""mini"" versions of… instagram.com/p/qmnYpvNbX-/"
"Disc hingga 400 rb utk pembelian device bundling Lenovo, Sony, dan T-phone di Bazaar Artis Ramadhan Fair, Hall Studio One Thamrin City lt.2."
I will never buy another Sony phone ever again. This piece of shit Sony Ericsson has only given me problems. So fucking pissed off
Samsung S3 with Sony Xperia UI Why buy a Sony phone? pic.twitter.com/mLSh8pDhGU
@DkChrissie what sony phone?
@WindFamiliar OOOOO. OK. I would be ok with Samsung & a sony phone.
"So, I'm having to slum it with a Sony phone until the new iPhone is out. Hard times."
I really need that need that sony phone
sony phone all the way ...tired of all these rubbish
"Avril : oh! , my new Sony Phone is ringing ! aaaaaahaha! ???????????? !!"
Unlocked Sony Xperia Z Ultra Google Play Ed. Phone for $350 + $10 s&h - dn.ws/nor1
Unlocked Sony Xperia Z Ultra Google Play Ed. Phone for $350 + $10 s&h: Expansys offers the Unlocked Sony Xperi... bit.ly/1lfYylh
Been using my beautiful Sony phone for a few days now and I have to conclude that I love both iOS and Android. They bot have their strengths
Sony Xperia Z C6603 Black Factory Unlocked LTE BANDS 1/3/5/7/8/20 International version - Original Sony phone phoneworldonhand.com/sony-xperia-z-…
Hi guys.. Got my new phone Sony Xperia L as a gift 4m fiancé
What was your first mobile phone? — Sony flip phone ask.fm/a/b20b6279
"Di jadi beli hp? Beli esia aja murah @diandraerwina13: For phone, Sony or Samsung?"""
Sony punye phone cpt habis battery lah
Does anyone know where I can fix a Sony Xperia phone!
Re Formatting My Phone Sony Xperia Z1
Sony Xperia M Vs Sony Xperia L Phone Comparison Display Video Playback Camera wp.me/p4gxZh-eg
A snapshot of Sony's 'selfie' phone - Nigerian Tribune dlvr.it/6N0tvz
A snapshot of Sony's 'selfie' phone - Nigerian Tribune dlvr.it/6Mx2B1
Great Deals >> ift.tt/1mqm8eD Excelvan F27 FM Transmitter Car Charger For Smart Phone Sony Samsung and ... pic.twitter.com/zF6f0FqsSo
Great Deals >> ift.tt/1mqm8eD Excelvan F27 FM Transmitter Car Charger For Smart Phone Sony Samsung and ... pic.twitter.com/sW4VhP4vIW
A snapshot of Sony's 'selfie' phone - Nigerian Tribune - ift.tt/1oWAHZ4
A snapshot of Sony's 'selfie' phone - Nigerian Tribune - ift.tt/1kHcNQa
or rather the sony ericsson sliding phone . hahahahahahaha
"What’s the best gift you have ever given someone, in ... — Phone. Sony erricson. The yellow one. And this phone ... ask.fm/a/b2ck46jc"
"For phone, Sony or Samsung?"
Wow Sony made a phone that has a 5mp front facing camera hahaha that's like iPhone 4 back camera
on the phone with Sony cause they fucking with my PlayStation account lol ??
I'm giving away my Sony Xperia Go phone in exchange for a New or Good used Samsung S2 battery
I miss my Sony phone. :(
Sony phone is horrendously unreliable!! Useless!!
@RavidWolf @Daxxon_Fox yeah didnt he get that sony phone just before TFF?
"Dapatkan diskon s/d 400 rb u/ device bundling Lenovo, Sony, dan T-phone, di Bazaar Artis Ramadhan Fair, Hall Studio One Thamrin City lt.2!"
Sony Xperia Z C6603 Black Factory Unlocked LTE BANDS 1/3/5/7/8/20 International version - Original Sony phone phoneworldonhand.com/sony-xperia-z-…
Sony Xperia Z C6603 Black Factory Unlocked LTE BANDS 1/3/5/7/8/20 International version - Original Sony phone phoneworldonhand.com/sony-xperia-z-…
BID New Sony Xperia miro ST23i GSM Unlocked 5MP Android OS 4GB WIFI Phone WHITE: $71.00 (8 Bids)End Date: Su... bit.ly/1toLQFY
Rich Mandala by Famenxt - Sony Phone nuvango.com/famenxt/rich-m… via @nuvango #SonyPhone #PhoneCase
"Sony Xperia Z2 US Release Date, Specs & Features: Unlocked Phone Gets ... - Latino Post: StreetWise TechSony X... bit.ly/1n9iVV6"
"@AskeBay @shiv_dave I purchased Xperia Sony phone & i was delivered product , invoice was matching my amount I paid, No help from your rep"
"@AskeBay @shiv_dave I purchased Xperia Sony phone & i was delivered product , invoice was matching my amount I paid, No help from your rep"
Sony's water resistant phone got fall resistance or not zzz
I don't want Sumsung or iPhone but but I'm failing to choose between Nokia Windows Phone and Sony Experia
Unlocked Phones: Sony Ericsson Z520i Cell Phone tinyurl.com/cwdbwa8 #Samsung
"My phone is broken FML, which phone is better SONY XPERIA Z2 OR SAMSUNG GALAXY S5 ? Maybe any other ideas....."
Sony customerservices number on hold 1hour+ still no answer.: Just tried to phone sony customer services been ... q-url.co/1wr9
I have a new phone sony!!!!!!!!!!!!!!!!
Xperia Z2 The Sony Android phone engineered for the best sound: youtu.be/vibe9x21yf0 via @YouTube
Sony new phone..!! bubblews.com/news/4347678-s… via @GoBubblews
"Top 5 Sony Xperia Phone 2014, Oke beres bro, memang Sony best lah :) #Xperia #Sony #Gadget #2014 ln.is/youtu.be/Ean4a"
Just got that new phone feeling. Sony experia Z2.... Pretty cool
Guess what hahahaha i found a phone again....and its sony xperia...im always have luck with phone
"#weekend2short:]xx need a new phone prefer Sony, anybody? Sum kindness?"
"Do I go with the Samsung Galaxy S5, HTC One M8, Sony Experia Z2 or the OnePlus One for my new phone ???"
*Customer order* Sony Xperia Z2 phone case with a cheeky little chap's photo printed onto it :) gorgeous! The... fb.me/1e7Q8YZlv
my sexy 'new' phone now that my sony experia has broke ?? pic.twitter.com/GHUGfMMqjT
Sony Xperia E1 Budget Android Phone Gaming Review fb.me/1uRQDDeBm
"I am selling my Sony Z1. The phone is in perfect working condition. Appearance is 90%+, comes with… instagram.com/p/qt6HonvWNm/"
Cell Phone USA : Sony SmartWatch US version 1 Bluetooth USB Cell Phone Android MN2SW #4422 ift.tt/1pkCEjv pic.twitter.com/pqpvYDjsH1
Meet the Selfie phone as Sony Xperia C3 cashes in on the selfie trend read more @WiredUK #technology - ow.ly/yUnwL
My phone overheats on an hourly basis. Know your risks before you buy a sony phone.
this sony phone is actually so sick. Maybe its a good thing my other phone got fucked.
What kind of Sony phone Lydia has in season 4 teen wolf?
Wow using an Sony phone instead of an iPhone
Thinking about investing in the Note 2 or even the Sony phone
"Sony: TO, Sony service , I have bought my sony phone for 29000 which is xperiaZR IMEI NO :356603050319350 purchased - bit.ly/kmLLJf"
Brand loyalty sometimes pays off. Got a Sony Z1 Compact yesterday. The best Android phone i've used in last 4 years.
Sony Xperia Z C6603 Black Factory Unlocked LTE BANDS 1/3/5/7/8/20 International version - Original Sony phone phoneworldonhand.com/sony-xperia-z-…
"Virgin are sending me a new phone. I can either have a Sony Xperia or a Motorola moto g.... I know nothing about phones, any suggestions?"
Sony Xperia SP – A Phone to Circumvent all Boundaries - StreetWise Tech: StreetWise TechSony Xperia SP – A Pho... bit.ly/1ngIN1p
"Got to get a new phone. No idea what I want, except definitely NOT a heap of ordure Sony."
Newly added: Sony Xperia E C1604 Dual-SIM Unlocked Android Phone--U.S. Warranty (Champagne) xymalf.com/2014/07/21/son…
@ammartobi there is that sony phone which is waterproof ??
@CrazyKarateMnky android I was think about the Sony phone
@Robwalker1878 exactly. Had a customer the other day wouldn't have a Sony phone cos he once had a Sony cd player that kept going wrong haha
@MarDixon ...currently testing Sony's Smartwatch2. Nicely designed but hobbled by UI and needing an extra Android phone. Moto will be 1st..
"Sony Xperia Z2 Phone Arrives in the U.S.: Sony's latest flagship phone is available in the U.S., but it doesn'... bit.ly/1wRLYhs"
"Want a new phone one of those sony's, need money asap!"
my new phone sony xperia z2 ? fb.me/6TOi7VQJ6
Sony new phone..!! bubblews.com/news/4347678-s… via @GoBubblews
"Spent my first pay check and tips on a new phone! The Sony Xperia M2, eeeeeeek :3 #excited pic.twitter.com/cLgq4eVtFk"
I have a new Sony Xperia m mobile phone
@iamtbotouch I swim with my phone man is Sony Xperia Go
WOW! Gray market price for a #Sony Z2 is actually more vs. The #Samsung S5! Sony used to be the budget brand of phone in #LK! :P
I think my new Sony xperia z ultra phone is better than the Samsung Galaxy note 3 I'm using before....bigger and better.
Receive notifications of various apps of your phone onto your Sony SmartWatches play.google.com/store/apps/det… pic.twitter.com/uD8RaCZmrV
@SAI .I don't have an iPhone but I have my old faithful Sony Xperia phone. Miss Sony alias Saori Kido rocks. Goddess. pic.twitter.com/V8pV9T6T2m
@LemuuKMoccd: The perks of owning a.Sony.Xperia phone I'm outchea bathing le eona. #NiggaPlease...
Cell Phone USA : SONY ERICSSON Smart Watch SW2 for Android Phones #4422 ift.tt/1oWoFio pic.twitter.com/rHb7JFRHzH
In this Sony Xperia M which coloured phone you will choose fb.me/1aQZne4Im 
@AkinSlayer Perks of having a sony phone. ??
"I gotta get a new phone. Probs an iPhone, but I heard good things about this Sony phone?"
Sony Phone Case #Loomband
I don't know anyone with a Sony phone so why is that in my car!!
"Think I'll get the sony phone, its also waterproof and I'm a dumbass so yeah"
Morning. Here is a photo taken off the back of my camera with my shit Sony phone. Yesterday I shot my… instagram.com/p/qyWl45Np19/
Imagine if I actually received a Sony phone from 2011 #parcelsfromthepast
Photo: Morning. Here is a photo taken off the back of my camera with my shit Sony phone. Yesterday I shot... tmblr.co/Z_6APy1MGQ_hL
Morning. Here is a photo taken off the back of my camera with my shit Sony phone. Yesterday I shot my campaign sh... pic.twitter.com/OyvzFWDlRN
Sony Ericsson C702 question: How To Unlock Phone Lock If Forgot. I forgot my phone lock C702 - bit.ly/WxVxHu
I remember I would use all my credit on my little Sony Ericsson phone to vote for the boys on X factor
3weeks and counting for return of phone Sony service non existing
My phone ?? Sony Xperia ???? fb.me/2uoMuSRZ2
@BTCare a Sony Ericsson android phone
"@songza are there limitations atm for the app, country or phone? Using Sony Xperia Z2 in Finland, can't see the app in store."
"Htc phone, nokia batt, sony earpiece, tecno charger > @tobinscoswag: Nokia phone, Techno battery, LG earpiece, desktop charger."
#Xperia Z2 The Sony Android phone tuned to deliver sound in full studio quality - http://youtube.com/watch?v=3CIZRA…
Me gustó un video de @YouTube youtu.be/QwkBjjgibXI?a Xperia Z2 - The Sony Android phone tuned to deliver sound in full studio
electro #Deals : ift.tt/1mqm8eD Excelvan F27 FM Transmitter Car Charger For Smart Phone Sony Samsung an... pic.twitter.com/P7pDtNPweH
How to transfer contacst from Sony Ericsson feature phone to Android smart Phone: youtu.be/auhi57LIBfo?a via @YouTube
Dose anyone have or now where to get a good phone brand new like sony expira and that big screen
Thanks sony for the big ass phone. It can cover my whole face xoxo pic.twitter.com/WP34vayTOo
Sony Ericsson Xperia PLAY Android Phone (Verizon Wireless) bit.ly/tJa2u7
What was your first mobile phone? — sony ericsson ask.fm/a/aqc9l54c 
"A sleek, attractive Sony Android phone cnet.co/1pLAXf2 #CNet"
"A sleek, attractive Sony Android phone cnet.co/1pLAUzX"
"A sleek, attractive Sony Android phone: The Sony Xperia M2 comes with a 4.8-inch display, a sleek design and an affordable price tag."
"CNET Product Reviews - A sleek, attractive Sony Android phone: wp.me/p4lMBL-3Mx"
Sony Xperia Z2 Phone Arrives in the U.S. kji.me/q2bff
"Hey,is there any Sony phone going for around 7k + bonga points?@SafaricomLtd"
"I do want a new phone, thinking about a Sony Xperia Z1 Compact. Any other suggestions?"
my phone wont connect to wifi word of advice: dont buy a sony phone.
"SAVE $120.00 - Sony Ericsson Z710i Unlocked Cell Phone with 2 MP Camera, MP3/Video Player, Memory Stick Micro... c69.co/15014970"
Follow sony phone
Check this out! #ebay ebay.co.uk/itm/2515973322… new Sony phone
"Mobile Master: The mobile phone and sync. tool for Sony Ericsson, Nokia, LG, Samsung, Motorola and BenQ Siemen... bit.ly/1nsSw4X"
Sony Xperia Z C6603 Black Factory Unlocked LTE BANDS 1/3/5/7/8/20 International version - Original Sony phone phoneworldonhand.com/sony-xperia-z-…
Sony Xperia Z C6603 Black Factory Unlocked LTE BANDS 1/3/5/7/8/20 International version - Original Sony phone phoneworldonhand.com/sony-xperia-z-…
"@yswiney himself has the Z, I have a Sony tipo and I need a better phone, I like the size of the compact."
@LuuRu_ Alex has a Sony phone!!
Sony Xperia #Z2 vs Galaxy #S5 vs HTC One #M8: Which Smartphone Takes Home The Crown As World's Best Android Phone? revianet.com/itsy/QVIp4
"@londonjustin @Lumpy_Matt @rachelhatesjazz I've got a little Sony one. If it's fully charged, it'll do nearly a full charge of my phone."
"@VodafoneUK Hello. If I wanted to get my Sony Experia E phone unlocked, would it cost anything? Thank you."
I just got my Sony Xperia phone is amazing. I can't believe I was stuck with an apple phone for so long.
@TheBeautycrush Sony Xperia phone all that way hehe :p =D x
Day 23 Hedgehog Mobile phone photo - Sony xperia z fb.me/6UGLSzfdc
Cell Phone USA : Sony Smart Watch SW2 Black for Android Phones #4422 ift.tt/1tATLQN pic.twitter.com/sfaLOTd9Mh
@bespokeoffers hi message won't send as well. :-(. I was using my phone to enter the competition. My phones a Sony Xperia Z
What was your first mobile phone? — Sony ask.fm/a/aqo0cnf5
"feels great to own a sony bravia ,and a samsung phone in close interval of time!!!!!!!!"
"Finally, a phone worth having: Sony Xperia Z2."
Sony Xperia PLAY Unboxing (Playstation Phone): youtu.be/-LFZaFDmeQ4?li… via @YouTube
I dont know what I uust downloade to my phone but it's a sony thing or whatever
What was your first mobile phone? — Sony Ericsson ask.fm/a/9m86chh5
"You saw the specs leak, now see the phone purported to be the Sony Xperia Z3. It's super slim! techradar.com/us/news/phone-…"
"I have a sony tv, sony phone and a sony playstation which took money I didnt agree to give, and Ive never liked sony"
My new phone for the day Sony Xperia instagram.com/p/q4mM2_JEkW/
"Xperia Z3 Release Date, Specs, Rumors: Is Sony Latest Flagship Phone Too ... - The Epoch Times: StreetWise Tec... bit.ly/1tJSxTk"
"Xperia Z3 Release Date, Specs, Rumors: Sony Latest Flagship Phone Has ... - The Epoch Times: IBNLiveXperia Z3 ... bit.ly/1lBxFbF"
@pop1joel Android its a Sony phone
@sonyxperia phone like all normal people well i choose Sony because i like it so much well how can help me ? Well please i need a sony phone
From Emily Lost a Sony phone in Ely around 2 weeks ago. Has a colourful elephant phone case on it. May have... fb.me/6BGKlqW8T
@LocaLamb: 4. What kind of phone do you have? Sony Xperia
Love how my new Sony phone makes me set up Facebook and Twitter during setup. Priorities!!
@MTNza who won the sony phone last weeks competition
@MTNza who won the Sony phone you said winners announced today
given if i had my Sony phone i could see emojis but my old galaxy don't play that
"Suggest me a budget phone pls..12,000 is my limit. No SONY pls."
The new phone has landed. I've left the iPhone for the Sony Xperia Z2 (it shoots 4k video!!). Anyone else got one?
Sony Xperia Z C6603 Black Factory Unlocked LTE BANDS 1/3/5/7/8/20 International version - Original Sony phone phoneworldonhand.com/sony-xperia-z-…
"Best Deal - Sony Ericsson Walkman W518a Unlocked GSM Phone with 3.2MP Camera, GPS and Bluetooth – Red bit.ly/1xbl44d"
@SafaricomLtd hey kindly send internet settings 0719 557484. its a sony ericsson phone
Wow the Sony Experia phone was pretty disappointing; seems like it's underpowered for that screen and audio recording is poor!
#The world’s slimmest phone now by Sony Inc : Sony Xperia T3 gizmomaniacs.com/worlds-slimmes… @Sony_india
Replaced my Sony z1 phone for a Samsung galaxy S tab ??????
Phone sony mcm babenggg! ??
my grandfather just got a new Sony touch phone he's so cute walking around with it like he's very proud
Abang aku suruh beli phone sony xperia Z2 .
I want to get a new phone Sony is hot
Wuu mimie cabar aq beli phone sony xperia 2 ! Okay ! Kta tgk !
 Kalau u nak tahu . Kat phone sony i yg i pakai dulu tu kan still ade gambar2 u tau  Qama hmm
"hi kuys, sony imung phone. idol. :> #sonyxperia ?"
Sony new phone..!! - Bubblews bubblews.com/news/4347678-s… via @GoBubblews
"How to install the Sony Xperia Z2 camera on any Android phone for AR effects, motion shots, and more: bit.ly/1rf7ETj"
"anyone here also using sony xperia phone? my phone won't charge, have you ever experienced the same thing? :("
Sony experia Z1 phone with sony smart watch 2 dlvr.it/6QX4TG #SmartWatch #Wearable
Next phone? Sony Xperia Z3.
sony xperia c phone low cost and nice cug...
I'm going to need to get back on the phone to sony. All of my AC: Revelations dlc has disappeared from my downloads list :/
contemplating going back to the Sony Ericsson brick phone when I get home
How to recover deleted photos from Sony Xperia TL phone nblo.gs/YIjDC
"Hurray for Sony Picture Store, which I cannot access on my android phone made by, er, Sony."
Lately I'm all about Sony stuff Sony phone Sony ps Sony plasma Damn Sony so Rollin'
I definitely need a new phone. It's either a Sony or the next iPhone.
"I want the Sony Xperia Z2 or the iPhone 6, if the iPhone doesn't meet my wants and needs than I will be left searching for the Sony phone:)."
I advice no one to ever buy a Sony phone they're a piece of shit
"Got Sony phone, Ipad or tablet? Stream ""Ya Huwa"" here music.sonyentertainmentnetwork.com/album/5e02ed0d…"
"My little brother now has a laptop, iPad, iPod Nano, Blackberry Bold 9900, Netbook and a new Sony phone &he's 12"
Sony Xperia Z C6603 Black Factory Unlocked LTE BANDS 1/3/5/7/8/20 International version - Original Sony phone phoneworldonhand.com/sony-xperia-z-…
Great day in the sun with @lozzyprincess love messing about withe the camera on my new Sony phone. #Sony #sun pic.twitter.com/dVT9hPvLS1
"iphone 5s or sony xperia z2? — Didn't use the Sony phone however highly recommending iPhone 5s, but it seems iPh... ask.fm/a/b0ef60b1"
@sonyxperia when will you'll announce the winner for the T3 contest?? really want to add this as my 4th sony phone!! #lovesony
Had a Sony Z2 for a few days now and I am very impressed. Best phone I have ever owned. Makes HTC One and Samsung GX3 feel clunky.
Sony Xperia Z1 – The Best Mobile Phone in Town - StreetWise Tech: StreetWise TechSony Xperia Z1 – The Best Mob... bit.ly/WUJSTk
@marietaqueta it's a sony phone and haven't had one of those for ages.
Sony's Xperia Z3 Gets Detailed in Leaked Photos: New phone shares design elements with past Xperia... dlvr.it/6QsRFQ |DailyTech
"@mel_lynch my Sony phone works grand... Charge it every other day :) teapot is just about alive, won't last much longer though :-P"
The world’s slimmest phone now by Sony Inc : Sony Xperia T3 buff.ly/1nDaPoa @sony_india
sony xperia c my new phone
How to recover deleted photos from Sony Xperia TL phone nblo.gs/YIjDC
bullshit adik aku diam2 tukar phone . sony z2 pulak tuh . grrrrrr ??
Personalised 3D Full Wrap Sony Xperia Z1 Mobile Phone Case - NEW IN STOCK - ONLY £6.99 INCL FREE UK DELIVERY - kustomdesign.co.uk/personalised-3…
Deals #6667 : ift.tt/1z4e3VS Excelvan F27 FM Transmitter Car Charger For Smart Phone Sony Samsung and Mp3 Mp4 pic.twitter.com/X4cFL23S4U
"@Support unable to run on my sony java phone cedar though built-in-app, saying service unavailable, works on mobile browser. Help"
Sony Experia Z1 Phone With Sony Smart Watch 2 (Douglas) USD 543.18 ebayrt.co/mobile-phones-… #Wearable #SmartWatch #eBay #eBayGB
Cell Phone USA : Sony XPERIA Z1 #4422 ift.tt/1AcIhYh pic.twitter.com/dwan53sJOb
"Thinking between htc one M8 or sony xperia z2, but if I get posted to a non camera phone camp..."
Great experience from sony earphone and the phone itself. #sony #xperiaZL
First front cam shots using my new Sony Xperia Z2 phone. Worth the spend! #sonyXperiaZ2 #mydreamphone… instagram.com/p/q633fflfzh/
I'd rather get a Sony phone though w
Hahaa i remember when heartbroken was big like 7 years ago blasting it through your sony ericsson phone in school #oldschool
"Disc. hingga 400 rb saat beli device bundling Lenovo, Sony & T-phone di Bazaar Artis Ramadhan Fair, Hall Studio One Thamrin City lt.2, JKT"
"Disc hingga 400 rb utk pembelian device bundling Lenovo, Sony, dan T-phone di Bazaar Artis Ramadhan Fair, Hall Studio One Thamrin City lt.2."
"If I were to move to an Android phone, I would choose either Sony or HTC."
Considering switching from Samsung note 3 to some sony phone. After a bigger screen or more powerful phone.
Upcoming Sony Phones 2014: Is The Japanese Phone Maker Running Out Of ... - KpopStarz: KpopStarzUpcoming Sony ... bit.ly/1rJCaGU
@crystalchappell lol I saw that someone like sony or Samsung now makes a completely waterproof submergable smart phone
I want a Sony phone
I love my Sony phone but tbh the camera sucks shit. Megapixels mean nothing #QualityOverQuantity
I love my Sony phone but tbh the camera sucks shit. Megapixels mean nothing #QualityOverQuantity
@fanofnmtn Sony phone results more intense than my Nikon cam. Design for viewing small screen I guess.
Unlocked Sony Xperia Z Ultra Google Play Ed. Phone for $350 + $10 s&h - dn.ws/nt4d
"Process to update Sony phone via PC: fairly good. Leaving a Gb of files on PC, worth no way to remove via phone mgmt prog: bad."
Unlocked Sony Xperia Z Ultra Google Play Ed. Phone for $350 + $10 s&h: Expansys offers the Unlocked Sony Xperi... bit.ly/1nMvgPy
i won't be buying a sony phone again. the amount of shite they add with each update of android is insane... and i thought samsung were bad!
Sony Xperia Z C6603 Black Factory Unlocked LTE BANDS 1/3/5/7/8/20 International version - Original Sony phone phoneworldonhand.com/sony-xperia-z-…
Sony Xperia Z C6603 Black Factory Unlocked LTE BANDS 1/3/5/7/8/20 International version - Original Sony phone phoneworldonhand.com/sony-xperia-z-…
@serendipity_34 Not on an ike phone. I've got some Sony thing. But if you threaten to leave they suddenly offer you lots of things.
@sarah_xinlynn Yeapp. Both is Sony phone
Sony Xperia Miro ST23i Rubberized Case with Flip Cover: posted by royalflare | Accessories and Parts for Phone... bit.ly/1rL2gcH
@O2 it's the waterproof Sony - let in water in the rain. First problem was the shop didn't have loan phone and expected him to buy one!
Lost my smart phone sony xperia M2!
Sony Xperia phone comes with $700 pricetag and that's after $50 off! techtimes.com/articles/10925…
I finally got a new phone Sony Xperia m2 pic.twitter.com/95UBKLAfHH
Finally I bought a new phone Sony xperia Z2
Sony Xperia phone comes with $700 pricetag and that's after $50 off! techtimes.com/articles/10925…
I am so used to write on my sony mobile phone and it's big screen that the iPhone 4 is so small but I can hold it better in my hand jejeje
Finally settled on a new phone Sony Xperia.
Time to phone Sony I think! Ps4 controller may be conking out!! Glad it's still under warranty
Just upgraded my phone to a Sony Xperia Z2. Like what I see so far :)
People just like they used Sony's phone and judge Sony's television.
thats a sony phone luhan is holding right omfg bye pic.twitter.com/j7ipZpWjV4
hate this sony phone I have to use. hopefully I can get my iphone fixed tomorrow.
Well after my waterproof Sony phone has broke by water damage... I'm back to iPhone
I don't get why luhan use a sony phone...
Almost cried when he asked me whether i was looking for a white colour sony phone THANKS THANKS THANKS!!?????
Sony Xperia Z C6603 Black Factory Unlocked LTE BANDS 1/3/5/7/8/20 International version - Original Sony phone bit.ly/1iHstlP
"@Captain2Phones inspired by the Xperia z2 review, I did what I said I never would, I ordered a Sony phone, and it's purple o.o"
Sony Xperia Z C6603 Black Factory Unlocked LTE BANDS 1/3/5/7/8/20 International version - Original Sony phone phoneworldonhand.com/sony-xperia-z-…
"@ell1845 Hi Elliott, that's not great :( Did you get the phone from O2 directly? Have you spoken to Sony about this?"
"@vdharankar @swap002 yes but other than chindian, there is also some good phone from sony / moto / htc in every segment now."
"> @CleartalkingCom All smart phone brands iPhone, HTC, Samsung Galaxy, Nokia, Motorola, Sony, LG, Google Nexus, cleartalking.com"
exo endorses SAMSUNG GALAXY S5 WITH GEAR FIT why would luhan use a sony phone ???????? it could be breach of contract btw HHAHAHAHHA
@evefavretto not much of a mobile phone fanatic. My phone is a JavaME Sony Ericsson from 2011. Works for me. ;)
"> @CleartalkingCom All smart phone brands iPhone, HTC, Samsung Galaxy, Nokia, Motorola, Sony, LG, Google Nexus, bit.ly/1sk43nQ"
"Drowned phone, engagement ring lost. What a weekend ladies! @RoseEllenDix @RoxeteraRibbons go to complain to sony. Fucking waterproof!"
@sonyxperiagb It was the Sony phone update. My friend is having the same issues. It's going incredibly slow and sticking and freezing.
On eBay: Bluetooth Watch Sync Contacts Smart Watch For Samsung Sony Android Phone Grey dlvr.it/6RpVW8 #Wearable #SmartWatch
On the phone with sony is not nice
"After an hour on the phone with Sony Support, they are sending me another one"
Luhan's new phone is limited edition - Sony Xperia Z2 only available in 1000 only (cr) pic.twitter.com/5YAwhQCFlF
sony tu sebaik tak pecah screen. phew kalau tak jadi phone abby dah haha
@enurrwkstr phone sony
What phone is better? IPhone 5c or Sony Xperia Z1 compact?
Thursday or Friday i going buy new phone its Sony Xperia Z2 :) #NewPhone
Day 25 Mobile phone photo - Sony xperia z fb.me/3JcTXD2oJ
Sony xperia T3 cell phone features and price hitblogger.com/2014/07/sony-x…
Cell Phone USA : Sony XPERIA Z1 #4422 ift.tt/1AcIhYh pic.twitter.com/ElN2qNPZlM
Sony Xperia Android Phone. goo.gl/SnA6iO #ad #Sony #android pic.twitter.com/b8NSkLwYFi
Why would Sony release a Windows Phone (dead os) when still trying to take on Samsung with winning OS (Android)?
"OK, so phone going back to Sony. Modern life is rubbish."
"Newly added: EEEKit 4 in 1 for iPhone 5 5C 5S 4S Samsung Galaxy S5/S4 Note 3/2 HTC One LG Sony Android Cell Phone, Ex xymalf.com/2014/07/29/eee…"
I need to buy a Sony phone to get Sony Smart watch.
@HootSuite_Help Android. I just updated today. But it only happens on my phone. Android tablet is fine. Phone is Sony Experia Z1
@shadesofnadia if you want a good camera go for a Sony phone.
#globalwarminginitiative Sony Xperia S: Ultrastylish Mobile phone globalwarminginitiative.com/posts/sony-xpe…
Rich guy luhan won a sony phone in a raffle draw
Finna got get this Sony phone
Woah the girl in this drama uses a Sony phone.. this is new.. XD
Hahaha so different using sony phone...
"Looks like Microsoft’s flagship Windows Phone is simply the Lumia 930 for 2014. If those Sony Windows Phones work out, could change"
Every phone I've ever owned. From the Sony Ericsson T306 to my beloved Samsung Galaxy Note 3. #biggerisbetter pic.twitter.com/6Kw0tOq2EW
Sony Xperia Z C6603 Black Factory Unlocked LTE BANDS 1/3/5/7/8/20 International version - Original Sony phone phoneworldonhand.com/sony-xperia-z-…
Sony Xperia Z C6603 Black Factory Unlocked LTE BANDS 1/3/5/7/8/20 International version - Original Sony phone phoneworldonhand.com/sony-xperia-z-…
"Mi Sony Ericsson del 2004!! ""@The90sLife: Remember having a cell phone like this? pic.twitter.com/TtO1w8JiTE"""
"#accentureshapingthefuture here @Shangri la. Whoo. Go for Macbook, sony phone and Ipad Mini. Haha pic.twitter.com/jEZxNJCUQn"
@AliaLiao Wait fon kau yg BB ke or that other sony phone? Itu kamera dye xokay ke? Well that's expected of Alia hahaha~
"Sony Prioritizing PS4 Features That Make Them Money, No Windows Phone App Planned & More gamingbolt.com/sony-prioritiz…"
the Sony Xperia Z2 is everything you should expect from a top-end phone. -@CNET bit.ly/1rC5gWL pic.twitter.com/hy1UexmKGI
And the Sony Xperia Z 2 is awesome. Inside the swiming pool with it and it works perfectly. Glad I bought that phone.
@SaraahOBrien is it a touch screen sony phone or something???
"@HullUni_ICT Robert Blackburn Building. It s a Sony Walkman that runs Android. It can talk to my Nokia phone fine, but no likey eduroam."
Love my Sony xperia Z1 phone!! Dont regret the price! Takes awsome underwater photos!!! pic.twitter.com/OgOgp5bR1G
"@sony_india I thought I will never write this, but after owning a Sony #xperiaion phone my faith in Sony products has died. I will never"
Exclusive Photos leaked for phone Sony Xperia Z3 dlvr.it/6SBCg2 pic.twitter.com/8D7h1cibO8
Sony new phone..!! bubblews.com/news/4347678-s… via @GoBubblews
Any of my Android friends use the Sony Xperia Phone? sonymobile.com/us/products/ph…
How To SIM Unlock Any ANDROID Sony mobile phone by SIM Network Unlock PIN. | Elite Cellular fb.me/1nvmweyfS
"Same thing with the Xperia Z2. Amazing phone from Sony that I really REALLY love, but my guess is that updating it will be a living hell."
"Enter our survey to WIN one of these great prizes including a new Samsung, Nokia or Sony phone mobilechoiceuk.com/consumer-award… pic.twitter.com/TxP0PVtoMA"
Sony Xperia Z2: The Monsoon Phone — bit.ly/1lWqWci pic.twitter.com/TBbZm6AziU
@BusbyMUFC is that a Sony phone? :p Xperia ftw.
So I can't run the official app of a Sony published game on my Sony phone. Thank you.
@/xheylie: This is basically how Luhan won that Sony phone lmao lucky draw pic.twitter.com/0pEga5FpCY
This is basically how Luhan won that Sony phone lmao lucky draw pic.twitter.com/8AbqqoQ7KY
Broke this damn iPhone screen fuck I need that new sony phone
Worst thing about my sony phone is no apple emojiis :(
@xheylie: This is basically how Luhan won that Sony phone lmao lucky draw pic.twitter.com/W3zMiC05tt I bet its rigged xD
@xheylie: This is basically how Luhan won that Sony phone lmao lucky draw pic.twitter.com/W3zMiC05tt I bet its rigged xD
sony phone camera seem to increase the contrast & brightness automatically lol
Sony Xperia Z C6603 Black Factory Unlocked LTE BANDS 1/3/5/7/8/20 International version - Original Sony phone phoneworldonhand.com/sony-xperia-z-…
i won't have my phone for a while. my camera is broken and i need to send it to sony so they can fix it. ughhh it's going to be hard.
@rilloguts7 Or The New Sony Phone
"SAVE $10.10 - Glass Mount Car Antenna for Cell Phone Reception - Nokia, LG, Motorola, Samsung, HTC, and Sony... c69.co/15798 #deal"
@Kaz_Yamauchi I can’t use this on MY SONY PHONE! please release it on android too
I want a new phone but I dunno which one to buy :/ Ca... — Here i've the like most basic form of the sony xperia... ask.fm/a/b01l0d0e
@_yummyeol haha I only dare do it if using my sony phone if samsung... haha broken into million pieces heol
@AppleOfficialll @RELATlONSHlP @GirlfriendNotes would be very happy to be a winner Got talked into leaving iPhone to Sony phone HATE it
@AppleOfficialll @RELATlONSHlP @GirlfriendNotes would be very happy to be a winner Got talked into leaving iPhone to Sony phone HATE it
@sonyxperia my superior buying skill will not allow me buy another sony phone as z1 feels so devalued with so many new models released
MOBILE PHONE BLACK FLIP LEATHER CASE COVER POUCH FOR SONY EXPERIA PHONE MODELS wp.me/p4quur-2eG
windows phone just.cloxm.uk.com/sony-windows-p… sony
"OFFER: Sony Ericsson phone charger (Hornchurch, near Abbs Cross) go.frgl.it/XgrSg"
sony windows phone 8 just.cloxm.uk.com/sony-windows-p…
MOBILE PHONE BLACK FLIP LEATHER CASE COVER POUCH FOR SONY EXPERIA PHONE MODELS - MOBILE PHONE BLACK FLIP... tmblr.co/ZfQbao1MvKRu5
MOBILE PHONE BLACK FLIP LEATHER CASE COVER POUCH FOR SONY EXPERIA PHONE MODELS - MOBILE PHONE BLACK FLIP... tmblr.co/ZfoOJn1MvKTkZ
I used to think I sO cool bc Steven & I had the same sony Ericsson phone haha
My new phone |SONY XPERIA L | thanxx akka <3 @ Love It Easy Smartphone Accessories Online Shop instagram.com/p/rEq6Q3QOTd/
Arnie's minidisc song switch in LAST ACTION HERO is the 90's equivalent of changing songs on a Sony Xperia phone.
Sony Cuts Phone-Sale Forecast goo.gl/fb/JKuwRM #tki
This is basically how Luhan won that Sony phone lmao lucky draw lucky luhan pic.twitter.com/3SatkMW2UL
Sony Cuts Phone-Sale Forecast - Sony reported a surprise first-quarter profit but sharply cut its forecast for sma... ow.ly/2L1dxV
"#business Sony Reports Profit, Weak Phone Sales - Sony reported a surprise first-quarter profit but sharply cut it... ow.ly/2L0i2U"
@davegreenway looking for a 4-4.3'' screen Android phone. Sony Z1 Compact seems the best available. Any other suggestions?
"I disabled phone's vibration after I have Sony #smartband, which vibrates on app notifications. #fb"
"Tell you what, This Sony phone is fucking Shit!! But the battery life is incredible #phoneupdates"
From Suzi Hi just wondering if anyone has found a Sony phone in Ely today x
bo$$ video more like Blatant Product Placement For That Sony Phone
Sony lak phone ape yg bestt ?
some kids think they're doing a model shoot on the beach but with a sony ericsson phone loool
sony windows phone just.campr.eu.com/sony-windows-p…
NEW LEATHER WALLET CASE COVER FOR Various Sony Mobile Phone SCREEN PROTECTOR wp.me/p4quur-2Ew
NEW LEATHER WALLET CASE COVER FOR Various Sony Mobile Phone SCREEN PROTECTOR wp.me/p4quur-2Ew
Kenapa phone sony cepat sgt panas heh?
sony windows phone just.postav.com.mx/sony-windows-p…
^~^ Sony Cuts Phone-Sale Forecast |
Phone sony gila :(
"Nak phone Sony, nak on Insta."
@Otish take a look bit.ly/Xperia-C3-Desi… sony selfie phone. :P 5MP front camera
"Badass phone!<3""@drewThePoet: Sony Xperia Z \?/"
"@JoshBulriss sorry, a sony xperia phone! Was wondering if u could do cases for those or if it's just iPhones. :)"
@SonyMalaysia Was disappointed that the fact that sony xperia phone screen are quite fragile as i just dropped it once and it cracked.
Sony Cuts Phone-Sale Forecast: Sony reported a surprise first-quarter profit but sharply cut its forecast for ... on.wsj.com/1o9TDqs
"Sony Cuts Phone-Sale Forecast: Sony reported a surprise first-quarter profit but sharply cut its forecast for smartphone sales, deali..."
Sony Xperia T3 to Arrive in Canada in August: Japanese mobile phone maker Sony Mobile is gearing up for the re... bit.ly/XgRXSw
Sony Xperia T3 to Arrive in Canada in August: Japanese mobile phone maker Sony Mobile is gearing up for the re... bit.ly/1u1ecGT
Sony Xperia T3 to Arrive in Canada in August: Japanese mobile phone maker Sony Mobile is gearing up for the re... bit.ly/1u1ecGT
